,phishing_previsto,pontuacao_phishing,tipo,breve_razao,raciocinio
0,0,0,Email,O email parece ser uma conversa legítima sobre uma oportunidade de trabalho e não contém indicadores de phishing.,"O email é uma conversa sobre uma oportunidade de trabalho, com contatos e detalhes de agendamento, sem táticas suspeitas."
1,0,0,Email,O email parece ser uma conversa legítima sobre assuntos técnicos e não contém indicadores de phishing.,"O email discute assuntos técnicos e não apresenta elementos típicos de phishing, como urgência, pedidos de informações pessoais ou links suspeitos."
2,0,0,Email,Email profissional sem indicadores de phishing.,"O email discute assuntos de negócios internos, como desenvolvimento de modelos de risco e otimização, sem táticas suspeitas."
3,0,0,Email,Este email parece ser um aviso legítimo sobre uma reunião de funcionários.,O email não apresenta nenhuma das características típicas de phishing.
4,0,0,Email,O email parece ser uma mensagem genuína sobre uma mudança de grupo de pesquisa e não contém indicadores típicos de phishing.,"O email discute assuntos relacionados ao trabalho, como mudança de grupo, financiamento de pesquisa e logística, sem táticas de pressão ou pedidos suspeitos."
5,0,0,Email,"Email legitimo, sem indicios de phishing.",O email parece ser uma conversa interna da empresa sobre um evento. Não apresenta táticas de phishing.
6,0,0,Email,O email parece ser um email genuíno de acompanhamento de um candidato a emprego para o Dr. Kaminski.,O email é um email de acompanhamento após uma entrevista de emprego e não contém indicadores de phishing.
7,0,0,Email,"Este email parece ser um email genuíno sobre um evento de limpeza, sem táticas de phishing.",O email fornece informações sobre um evento chamado 'trash bash' sem pedir nenhuma informação pessoal ou ação suspeita.
8,0,0,Email,O email parece ser um email de trabalho legítimo relacionado à testagem de modelo de armazenamento.,O email discute sobre testagem de um modelo de armazenamento e não possui nenhuma das características típicas de phishing.
9,0,0,Email,"O email parece ser uma mensagem genuína para compartilhar informações de contato, sem táticas de phishing.",O email compartilha informações de contato e não apresenta indícios de atividades suspeitas ou tentativas de phishing.
10,0,0,Email,O email parece ser um email de encaminhamento legítimo com um currículo em anexo.,O email é um encaminhamento de um currículo e não contém nenhuma solicitação ou link suspeito que indique phishing.
11,0,0,Email,Email benigno; sem indicação de phishing.,"O email parece ser uma conversa genuína sobre arranjos de trabalho, sem táticas suspeitas."
12,0,0,Email,O email aparenta ser um email comercial legitimo sobre despesas do grupo.,"O email discute despesas do grupo, ajustes de orçamento, e gerenciamento de custos, sem nenhuma caracteristica de phishing."
13,0,0,Email,O email é uma conversa genuína sem indicação de phishing.,O email é uma conversa genuína entre colegas sobre investimento e colaboração em negócios.
14,0,0,Email,O email parece ser um email legítimo de encaminhamento sobre uma inscrição para estágio.,O email não contém nenhuma das bandeiras vermelhas comuns encontradas em emails de phishing. Parece ser um email de encaminhamento genuíno.
15,0,0,Email,Email genuíno sobre uma oportunidade de trabalho de verão.,"O email é uma conversa sobre uma oferta de trabalho de verão, sem indicadores de phishing."
16,0,0,Email,O email parece ser uma conversa genuína e não contém nenhum indicador de phishing.,O email é uma corrente de respostas sobre agendamento de reunião e não apresenta linguagem suspeita ou tentativas de phishing.
17,0,0,Email,Email legítimo sobre organização de um jantar.,O email é uma conversa sobre a organização de um jantar e não contém indicadores de phishing.
18,0,0,Email,O email parece ser uma mensagem legítima discutindo uma reunião de curadores.,"O email não contém nenhum dos indicadores comuns de phishing, como urgência, pedidos de informações confidenciais ou links suspeitos."
19,0,0,Email,O email parece ser um itinerário de viagem legítimo encaminhado por um funcionário da Enron.,"O email não contém pedidos suspeitos, links ou anexos. É um itinerário de viagem detalhado."
20,0,0,Email,O email parece ser uma mensagem genuína sobre uma apresentação.,"O email não contém solicitações suspeitas, links ou anexos. É uma conversa profissional sobre uma apresentação."
21,0,1,Email,"O email parece legitimo, sem indicadores comuns de phishing.","O email não apresenta indícios de urgência, recompensas ou táticas de engenharia social. Parece ser uma correspondência comercial genuína."
22,1,8,Email,O email usa táticas de pressão por tempo e contém um link suspeito para aprovação.,A mensagem usa senso de urgência para pressionar o usuário a clicar no link de 'aprovação' sem verificar detalhes.
23,0,2,Email,"O email parece legítimo, mas sem mais contexto sobre os 'tiger evals' e quem é 'Donna Piazza', ele apresenta um baixo risco potencial de phishing.","O email não apresenta elementos típicos de phishing como urgência, links suspeitos ou pedidos de informação sensível. Porém, a presença de um anexo requer cautela."
24,0,0,Email,"O email parece ser uma conversa comercial genuína sobre estratégias de hedge no mercado de energia, sem táticas de phishing.","O email discute estratégias de hedge de preços de gás e menciona empresas e preços específicos, sugerindo uma conversa comercial genuína."
25,0,0,Email,O email parece ser uma discussão genuína sobre conceitos econômicos e não apresenta elementos suspeitos.,"O email discute o impacto das cláusulas de correspondência de preços e direitos de preferência em cenários competitivos. Não há pedidos, links ou anexos suspeitos."
26,0,0,Email,"O email parece ser um email genuíno sobre uma oportunidade de trabalho de verão, sem indicadores de phishing.","O email é sobre uma oportunidade de trabalho de verão e não contém pedidos suspeitos, links ou anexos."
27,0,0,Email,O email parece ser um email genuíno de agradecimento para um estágio de verão e não contém nenhum indicador de phishing.,"O email é um email de agradecimento educado e profissional que não contém linguagem urgente, ameaças ou pedidos suspeitos."
28,1,8,Email,Assunto suspeito com muitos caracteres especiais e formatação incomum.,O assunto em caixa alta com múltiplos pontos de exclamação e formatação estranha é típico de emails de phishing que tentam se passar por mensagens pessoais.
29,0,2,Email,"Formato inusual para email, mas parece benigno","O email não tem linguagem típica de phishing, mas é importante ter cuidado com emails com formato inusual."
30,0,0,Email,O email parece ser uma conversa genuína sobre software de modelagem matemática.,"O email discute software de modelagem matemática e não contém solicitações suspeitas, links ou anexos."
31,0,2,Email,"A mensagem parece um email legítimo, sem táticas comuns de phishing.","O email não apresenta links suspeitos, senso de urgência ou solicitações de informações pessoais, parecendo uma mensagem genuína."
32,0,1,Email,"Email aparentemente legitimo sobre atualização de políticas, mas precisa de mais contexto para confirmar.","O email parece ser uma comunicação interna sobre mudanças em políticas, mas sem mais contexto, é difícil avaliar com certeza."
33,0,0,Email,Este email é uma conversa de negócios e não contém indicadores de phishing.,"O email é uma cadeia de conversa sobre decisões de negócios relacionadas a LNG. Não há pedidos suspeitos, links ou anexos."
34,0,0,Email,O email não apresenta nenhuma das características comuns de phishing.,"O email parece ser uma conversa genuína sobre um estágio de verão, sem táticas suspeitas."
35,1,9,Email,"Email com indicios de spam, linguagem sugestiva e táticas de pressão psicológica para venda de produto.","O email usa linguagem sugestiva e promessas irrealistas para vender um produto, além de táticas de pressão psicológica para influenciar o leitor."
36,1,9,Email,"O assunto e corpo do email contém frases suspeitas e gramática ruim, além de um link suspeito.","O email apresenta gramática e frases suspeitas, além de um link suspeito que não parece ser de uma farmácia legítima. O email também tenta criar um senso de urgência e usa táticas de engenharia social, como prometer grandes descontos em medicamentos."
37,1,9,Email,"Assunto suspeito com gramática e formatação ruins, potencialmente visando informações do cartão de crédito.","O assunto mal formatado e com erros gramaticais, combinado com linguagem urgente e números aleatórios, sugere fortemente uma tentativa de phishing."
38,1,9,Email,"Linguagem vaga, senso de urgência e link suspeito.","O email usa linguagem vaga, apelo à ganância e um senso de urgência para pressionar o leitor a clicar no link."
39,1,9,Email,Email de phishing com oferta de empréstimo bom demais para ser verdade e link suspeito.,"A mensagem exibe várias bandeiras vermelhas, incluindo gramática ruim, oferta de empréstimo vagamente formulada, senso de urgência e um link suspeito."
40,1,9,Email,Assunto suspeito e uso de linguagem vaga para disfarçar conteúdo relacionado a spam.,O assunto aleatório com frases genéricas e a menção discreta de 'comprar viagra online' indicam alta probabilidade de phishing.
41,1,9,Email,Email de spam disfarçado de aviso de falha de entrega com conteúdo suspeito.,O email usa um aviso falso de falha de entrega para disfarçar seu conteúdo real: propaganda de medicamentos para disfunção erétil.
42,1,9,Email,"O email usa linguagem vaga, promessas de dinheiro fácil e formatação suspeita.","O email apresenta muitas características de phishing, incluindo promessas de dinheiro fácil, linguagem vaga e formatação suspeita. A inclusão de um link para remover o email também é suspeita e pode levar a um site malicioso."
43,1,10,Email,Email de golpe de herança com indicadores classicos de phishing.,"A mensagem apresenta uma história fabricada sobre fortuna abandonada, senso de urgência, promessa de grande recompensa e solicita sigilo."
44,0,1,Email,"Assunto sem sentido, possivelmente spam.","O assunto do email é aleatório e sem sentido, indicando baixa probabilidade de ser phishing, mas provavelmente spam."
45,1,9,Email,O email usa táticas de pressão e um link suspeito para coletar informações.,"Solicitação de dados pessoais, erros gramaticais, link suspeito disfarçado de link de 'remoção', e tom urgente indicam phishing."
46,1,8,Email,"Email genérico e não solicitado, oferecendo serviços de design com linguagem vaga e senso de urgência.","O email apresenta linguagem vaga, apelo à urgência e falta de branding profissional, indicando possível tentativa de phishing."
47,1,9,Email,"Assunto suspeito e corpo da mensagem sem sentido, possivelmente ocultando um ataque de phishing.","O email não possui um remetente identificável, o assunto é suspeito e o corpo do email é composto por frases sem sentido, características de phishing."
48,0,1,Email,"É uma chamada para artigos para uma conferência, o que não é típico de emails de phishing.","O email é uma chamada para artigos para uma conferência acadêmica, incluindo detalhes sobre tópicos, datas e submissão."
49,1,9,Email,Email suspeito de spam com mensagem de falha de entrega e propaganda de viagra.,"O email simula uma falha de entrega para chamar a atenção, e em seguida, no corpo da mensagem, apresenta uma propaganda de viagra com um preço muito baixo."
50,1,9,Email,Email de aprimoramento masculino com depoimento falso e link suspeito.,"O email usa táticas comuns de phishing como temas de saúde masculinos, depoimentos falsos, senso de urgência e um link suspeito."
51,1,8,Email,Email com táticas de pressão e linguagem vaga para levar usuários a enviar seu website para indexação.,"O email usa linguagem urgente e motivacional para pressionar usuários a clicarem em um link, prometendo aumento de vendas e visibilidade online."
52,1,9,Email,Assunto suspeito com URL encurtada e texto não relacionado para esconder phishing,"O email usa um assunto apelativo e insere frases aleatorias e URL encurtada, provavelmente para esconder links maliciosos."
53,1,8,Email,Email suspeito de marketing com link para remoção suspeito e venda agressiva de produtos com descontos enormes.,"O email usa táticas de venda agressivas, promessas de economia enormes e um link suspeito para remover o email da lista."
54,1,9,Email,"Assunto e corpo do email suspeitos, com gramática ruim e frases sem sentido, além de alegações exageradas de desconto.","O email apresenta diversas palavras sem sentido e erros de ortografia. A promessa de desconto acima de 60% também é suspeita, configurando uma possível tentativa de phishing."
55,1,9,Email,"Email com indicios fortes de phishing - promovendo medicamentos sem receita médica, linguagem apelativa e erros gramaticais.","O email usa linguagem apelativa e sensacionalista para promover medicamentos para disfunção erétil sem receita médica, além de conter erros gramaticais."
56,1,9,Email,Email de oferta de negócio suspeito com táticas de pressão e informações de contato duvidosas.,"O email apresenta muitas promessas vagas de dinheiro fácil, linguagem urgente e apelos emocionais, além de informações de contato não profissionais e métodos de pagamento suspeitos."
57,1,9,Email,Email suspeito com táticas de venda agressivas e links suspeitos.,"O email usa linguagem de vendas chamativa, erros gramaticais e links suspeitos para solicitar compras. A falta de identificação da marca e o senso de urgência são sinais de alerta."
58,1,9,Email,Email de golpe de herança nigeriana com táticas de engenharia social.,"Email não solicitado alegando herança de parente desconhecido, criando urgência e solicitando informações pessoais."
59,1,9,Email,Email de loteria falsa com linguagem de engenharia social para induzir urgência.,"O email usa táticas comuns de phishing como felicitações falsas, criação de senso de urgência e  gramática ruim."
60,1,9,Email,"Email usa linguagem exagerada de marketing, promessas irrealistas de lucro e táticas de intimidação para pressionar os usuários a se registrarem para um seminário online gratuito.","O email apresenta muitas promessas irrealistas de retornos de investimento, alegações de sucesso, linguagem que cria um senso de urgência e táticas de intimidação. Essas são todas características clássicas de emails de phishing."
61,1,9,Email,Email de fraude de herança com táticas de engenharia social.,"O email usa uma história elaborada sobre herança para atrair a vítima a reivindicar fundos inexistentes. Ele contém várias bandeiras vermelhas, incluindo erros gramaticais, informações de contato suspeitas e uma oferta financeira muito boa para ser verdade."
62,1,9,Email,Email suspeito oferecendo software com desconto com erros de ortografia e gramática.,"O email apresenta ofertas de software com grandes descontos, erros de ortografia e gramática, e falta de branding profissional, o que indica alta probabilidade de phishing."
63,1,9,Email,Email suspeito com ofertas boas demais para serem verdade e senso de urgência.,"O email usa táticas de pressão com ofertas muito boas para serem verdade, senso de urgência para pressionar o usuário a agir rapidamente."
64,1,8,Email,Email suspeito de marketing com senso de urgência e link suspeito.,"O email usa linguagem de marketing agressiva, senso de urgência e não fornece identificação do remetente. O link para ver amostras é suspeito."
65,1,9,Email,"O assunto do email e o corpo do email contém frases sem sentido e aleatórias, o que é um forte indicativo de phishing.","O email usa linguagem sem sentido e tenta imitar a comunicação de uma loja online, o que levanta suspeitas."
66,0,1,Email,Email de propaganda de uma empresa de consultoria de casamento.,"O email é um anúncio longo para um negócio de consultoria de casamento, sem táticas óbvias de phishing."
67,1,8,Email,Email não solicitado com táticas de intimidação para pressionar o envio de inscrições em sites.,O email usa linguagem alarmista para pressionar o remetente a enviar o site. O formato e o nome do remetente são suspeitos.
68,1,9,Email,"Linguagem sugestiva, senso de urgência e falta de contexto indicam um possível ataque de phishing.","O email usa linguagem sugestiva e frases como 'acesso grátis' e 'nada a perder' para criar um senso de urgência e apelar para o interesse do usuário, técnica comum em phishing."
69,1,9,Email,"Email de phishing disfarçado de oferta de refinanciamento, com links suspeitos e táticas de urgência.","O email usa linguagem vaga, senso de urgência, domínio suspeito e link de exclusão duvidoso, indicando alta probabilidade de phishing."
70,0,0,Email,O texto parece ser uma conversa de email genuína e não contém indicadores de phishing.,O email discute processamento de linguagem natural e não apresenta táticas comuns de phishing.
71,0,0,Email,O email parece ser uma conversa genuína sobre um agendamento de hotel para uma viagem de negócios.,O email não apresenta nenhuma das características típicas de phishing. Ele apenas fornece informações sobre a reserva de um hotel e não solicita nenhuma ação suspeita.
72,0,0,Email,Email profissional genuíno discutindo questões de marketing e branding.,"O email é uma conversa genuína entre colegas sobre questões de marketing e branding, sem indicadores de phishing."
73,0,0,Email,Email legítimo sobre problemas técnicos com avifile no transcode em uma lista de discussão técnica.,"O email discute problemas técnicos específicos com avifile e transcode, sem táticas típicas de phishing."
74,0,0,Email,Este email parece ser uma mensagem pessoal e não contém nenhum indicador de phishing.,O email é uma conversa casual sobre como convidar alguém para sair e não apresenta nenhuma tática comum de phishing.
75,0,0,Email,Email benigno sobre arranjos de viagem.,"Este email discute arranjos de carona para um curso da UT, sem táticas suspeitas."
76,0,0,Outro,"O texto fornecido parece ser um trecho de um log de dados, não uma mensagem de phishing.","O trecho não contém elementos típicos de phishing como URLs, apelos à ação ou tentativas de extrair informações."
77,0,0,Email,O email parece ser uma conversa pessoal sem nenhuma intenção maliciosa.,"O email é uma discussão sobre receitas culinárias e não contém pedidos suspeitos, links ou anexos."
78,0,0,SMS,Mensagem parece ser uma comunicação legitima.,A mensagem é uma conversa casual e não contém nenhum dos indicadores comuns de phishing.
79,0,0,URL,A URL fornecida pertence ao site legítimo boingboing.net.,"A URL pertence ao domínio boingboing.net, conhecido por ser confiável. Não há indicadores de phishing presentes."
80,0,0,SMS,"A mensagem é potencialmente problemática, mas não contém elementos de phishing.","A mensagem não solicita informações, não possui links e não se passa por uma entidade conhecida."
81,0,0,Email,O texto parece ser um email corporativo anunciando mudanças organizacionais e não apresenta nenhuma das características típicas de phishing.,"O email descreve mudanças organizacionais, nomeação de cargos e não solicita nenhuma ação do leitor que possa indicar um ataque de phishing."
82,0,0,Email,O texto parece ser um anúncio de emprego legítimo para um cargo de palestrante.,"O texto fornece informações sobre uma vaga de emprego, incluindo detalhes sobre a função, qualificações, processo de candidatura e informações de contato."
83,0,0,Outro,Texto benigno.,O texto fornecido não apresenta indicadores de phishing. É apenas um comentário sobre El Niño.
84,0,0,SMS,Mensagem pessoal sem indicadores de phishing.,A mensagem parece ser uma conversa pessoal e não contém solicitações ou links suspeitos.
85,0,0,Email,O email parece ser uma conversa de negocios legitima sobre avaliação de valores residuais.,"A mensagem discute avaliações de empresas e  metodologia financeira, sem indicadores de phishing."
86,0,0,Email,Este email parece ser uma conversa casual e não contém nenhum conteúdo suspeito.,O email é uma conversa sobre o preço de discos rígidos e não apresenta indicadores de phishing.
87,1,8,URL,A URL parece suspeita e o formato da data é incomum.,"A estrutura da URL com caracteres especiais como ""-"" e números grandes, junto com um formato de data suspeito, levanta suspeitas."
88,0,0,Email,Email profissional sem indicadores de phishing.,Este email parece ser uma conversa profissional sobre assuntos comerciais e não apresenta nenhuma das bandeiras vermelhas comuns encontradas em emails de phishing.
89,0,0,Outro,"O texto fornecido parece ser um log de sistema, não uma mensagem de phishing.","O conteúdo se assemelha a dados de log, mencionando datas, horas e caminhos de arquivo, sem táticas de phishing."
90,0,1,Email,"O email parece ser um email comercial legitimo, mas ainda requer cautela.","O email pode ser legitimo, mas como menciona anexos, que podem ser arriscados, é melhor ter cuidado."
91,0,1,Email,O email parece legítimo e não contém indicadores típicos de phishing.,"O email discute assuntos comerciais específicos, incluindo valores de pagamento e faturas, o que sugere legitimidade. No entanto, sempre proceda com cautela ao lidar com anexos e verifique o remetente de forma independente."
92,0,0,Email,Este email é uma discussão académica e não contém conteúdo de phishing.,"O email é uma discussão sobre física e cultura e não apresenta indicadores de phishing, como criação de senso de urgência, recompensas falsas ou links suspeitos."
93,1,8,URL,"A URL parece suspeita, contendo caracteres não padronizados e uma estrutura incomum.","A URL apresenta uma estrutura suspeita com hífens e números aleatórios, o que pode indicar um redirecionamento para um site malicioso."
94,0,0,,"O texto fornecido não contém solicitações suspeitas, elementos de urgência ou tentativas de phishing.","O trecho parece ser uma lista de artigos e autores de uma publicação acadêmica, sem indicativos de phishing."
95,0,0,Email,Email benigno de acompanhamento relacionado a um evento.,"Este email parece ser um acompanhamento benigno de um evento, sem indicadores de phishing."
96,0,0,Não aplicável,"O texto fornecido é uma discussão acadêmica sobre um fenômeno linguístico, sem indícios de phishing.","O texto discute a pronúncia de palavras em inglês canadense, um tópico improvável para um ataque de phishing."
97,0,0,Email,"O email parece legítimo, fornecendo informações sobre descrições de cursos e contatos para suporte.","O email informa sobre a disponibilidade da lista de descrições de cursos, instruindo os alunos a acessá-la no Embanet ou contatar um indivíduo específico para obter assistência."
98,0,0,WebSite (HTML),O texto fornecido é um artigo discutindo potenciais processos por violação de direitos autorais relacionados ao compartilhamento de arquivos.,"O artigo discute ações legais em relação ao compartilhamento de arquivos, mas não solicita informações pessoais nem contém indicadores de phishing."
99,0,0,Email,O texto fornecido é um artigo e não solicita nenhuma ação do leitor.,"O texto é um artigo sobre a empresa Enron e não contém indicadores de phishing, como links ou pedidos de informações pessoais."
100,0,0,SMS,A mensagem parece ser uma resposta benigna e não contém elementos suspeitos.,A mensagem é extremamente curta e não apresenta nenhuma das características típicas de phishing.
101,0,0,Email,Email profissional sem indicio de phishing,O email é uma corrente de emails profissionais sobre um assunto profissional sem nenhum indício de phishing.
102,0,0,Email,Este email é uma discussão sobre exibições de um filme e direitos autorais.,O email é uma discussão sobre a legalidade das exibições de um filme e os direitos autorais relacionados ao filme 'REVOLUTION OS'.
103,0,0,Email,O texto parece ser uma chamada legítima para trabalhos da terceira oficina internacional de semântica computacional.,"O texto não apresenta nenhuma das características típicas de phishing. Não há links suspeitos, anexos ou pedidos de informações confidenciais."
104,0,0,SMS,A mensagem parece ser uma conversa informal e não contém nenhuma solicitação suspeita ou elementos de phishing.,"A mensagem não apresenta indicadores de phishing, como links suspeitos, senso de urgência ou pedidos de informação."
105,0,1,Email,"Email de lista de discussão com propaganda, possivelmente segura, mas exige cautela.","Este parece ser um email de uma lista de discussão com um anúncio no rodapé. Embora não seja inerentemente phishing, links promocionais podem ser arriscados."
106,0,0,Email,Email comercial genuíno discutindo dados de medição e transações.,"O email é uma cadeia de comunicação comercial genuína que discute dados de medição, transações e potenciais discrepâncias."
107,0,0,Outro,"O texto fornecido parece ser uma lista de conteúdo acadêmico, sem indícios de phishing.","O conteúdo se assemelha a um índice ou bibliografia, sem elementos suspeitos."
108,0,1,Email,A mensagem parece legítima e não contém elementos típicos de phishing.,"A mensagem notifica sobre a aprovação de um acesso, sem solicitar ações urgentes ou conter links suspeitos."
109,0,0,Email,O email é uma conversa legítima sobre licitação decrescente e não contém indicadores de phishing.,"O email é uma conversa profissional sobre licitação decrescente. Não há pedidos suspeitos, links ou anexos."
110,0,2,Email,"Email corporativo aparentemente legítimo, mas requer verificações adicionais.","O email parece ser uma comunicação interna, mas a menção a anexos exige cautela. Pode ser legítimo ou um ataque de phishing disfarçado."
111,0,0,Email,"Email legitimo, sem indicadores de phishing.",O email parece ser um artigo de jornal encaminhado sobre a renúncia de Jeffrey K. Skilling da Enron.
112,0,0,Email,A mensagem parece ser uma comunicação comercial legítima.,Não há indicadores de phishing presentes. O email fornece contexto para o anexo e um remetente.
113,0,0,Email,Email corporativo genuíno sobre avaliações de desempenho de meia-ano.,O email é um email corporativo interno genuíno discutindo o processo de revisão de desempenho. Não há indicadores de phishing presentes.
114,0,0,Email,O texto fornecido é um artigo de notícias e não contém solicitações suspeitas.,"O texto parece ser um artigo de notícias genuíno, discutindo as notícias financeiras da Enron, incluindo uma investigação da SEC. Não há indicadores de phishing presentes."
115,0,1,Email,"O email parece legítimo, sem indicadores claros de phishing.","O email solicita alterações em uma biografia para um livro, mencionando nomes e empresas, sem táticas comuns de phishing."
116,0,0,Email,Este é um email genuíno sobre meritocracia dentro de uma organização.,O email é uma conversa genuína entre colegas sobre meritocracia dentro da empresa. Não há indicadores de phishing presentes.
117,0,0,Email,O texto parece ser uma discussão acadêmica sobre um erro de fala e não apresenta táticas de phishing.,"O email discute um erro de fala de um político, analisando se foi um erro fonético ou um erro de registro. Não há indícios de phishing."
118,0,0,Email,"O email parece ser uma conversa comercial legítima, sem indicadores comuns de phishing.","O email é sobre análise de dados e curvas de energia, não contém links ou pedidos suspeitos. Parece ser uma comunicação comercial interna."
119,0,0,Email,Email comercial genuíno sobre gestão de arrendamento de hidrocarbonetos.,Este email parece ser uma correspondência comercial genuína entre colegas sobre gestão de arrendamento de hidrocarbonetos. Não contém elementos típicos de phishing.
120,0,0,Email,Este email parece ser uma mensagem pessoal sem nenhum indicador de phishing.,"O email é uma discussão sobre tecnologia e sociedade, sem táticas de phishing."
121,1,8,URL,A URL contém caracteres suspeitos e uma estrutura incomum.,"A URL apresenta um formato suspeito com hífens e números aleatórios, o que pode indicar um redirecionamento para um site malicioso. "
122,0,1,SMS,"A mensagem parece vaga e poderia ser parte de uma conversa maior, mas não contém elementos típicos de phishing.","A mensagem é muito vaga para ser classificada como phishing. Não há solicitações, links suspeitos ou tentativas de criar urgência."
123,0,0,Email,O texto parece ser uma chamada legítima para trabalhos de uma conferência.,"O texto é uma chamada para trabalhos para uma conferência sobre estudos latino-americanos, sem indicadores de phishing."
124,1,8,URL,"URL suspeita com caracteres especiais e estrutura incomum, potencialmente levando a conteúdo malicioso ou download.","A URL usa caracteres especiais (-) e uma estrutura incomum, sugerindo uma tentativa de redirecionamento ou disfarçar o destino."
125,0,1,Email,"Email marketing de uma conferência, com algumas pontuações suspeitas.",Parece ser um email marketing para uma conferência sobre gás. A formatação estranha e o uso de '. .' no link levantam suspeitas.
126,0,0,Email,"O texto parece ser um boletim informativo por email, sem nenhuma tatica clara de phishing.",O email é um boletim informativo com links para vários artigos e sites. Não há nenhuma solicitação de informações pessoais ou tentativas de enganar o usuário.
127,0,0,Email,O email parece ser um email profissional legítimo contendo informações de contato.,"O email não contém nenhuma solicitação suspeita, links ou anexos. É simplesmente uma mensagem informativa."
128,0,0,Email,Anúncio legítimo de um workshop sobre tecnologias de parsing.,"O texto é um anúncio legítimo para um workshop sobre tecnologias de parsing, sem indicadores de phishing."
129,0,1,Email,"O email parece ser um email corporativo genuíno que fornece detalhes de acomodações. No entanto, ele menciona Enron, que não está mais em operação, levantando algumas preocupações.","O email fornece detalhes de acomodações e contato de uma pessoa. A menção à Enron, uma empresa extinta, levanta suspeitas."
130,0,0,Não aplicável,A mensagem fornecida não contém indicadores de phishing.,O texto parece ser um conjunto aleatório de palavras e frases sem coerência ou intenção maliciosa.
131,1,8,Email,Conteúdo suspeito e link para cancelar inscrição sem contexto.,"A mensagem contém caracteres especiais suspeitos no início, falta de contexto e um link para cancelar a inscrição que pode ser usado para fins maliciosos."
132,1,9,SMS,"A mensagem parece uma propaganda de medicamentos ilegais, sem informações claras do remetente.","A falta de identificação do remetente, o uso de termos médicos vagos e linguagem informal indicam alta probabilidade de phishing."
133,1,9,Email,Email de promoção suspeito com oferta boa demais para ser verdade e uso de tecnica de venda pressurizada.,"O email usa nostalgia,  ofertas muito boas e brinde para tentar vender sericels. Apresenta formatação ruim e domínio suspeito."
134,1,8,SMS,A mensagem pede para ligar para um número com tarifa premium sem contexto.,A mensagem usa um nome e idade genéricos para parecer amigável e incentivar a ligação para um número suspeito.
135,1,9,SMS,"A mensagem lista marcas de luxo a preços muito baixos, um sinal clássico de tentativa de phishing.","A mensagem usa iscas como 'segredo', preços baixos e marcas de luxo para levar a um link suspeito, provavelmente fraudulento."
136,1,9,Email,Email com caracteristicas de promoção de 'acao barata' (penny stock),"Apresenta muitas caracteristicas de promocao de 'acao barata', senso de urgencia, promessas irreais e linguagem promocional exagerada."
137,1,8,SMS,A mensagem usa táticas de pressão e urgência para induzir o usuário a agir.,"A mensagem tenta criar um senso de urgência e inclui um número de telefone suspeito, típico de golpes de phishing."
138,1,9,Email,"O email usa táticas de engenharia social,  falsa sensação de exclusividade e links suspeitos para atrair usuários.","O email usa linguagem vaga,  falsa sensação de exclusividade,  e links suspeitos para levar os usuários a fornecer informações pessoais. "
139,1,9,Email,Este email usa táticas de pressão e alegações de dinheiro encontrado para atrair usuários a clicarem em um link suspeito.,"O email apresenta várias características de phishing, incluindo alegações de dinheiro encontrado, senso de urgência, linguagem vaga e um link suspeito."
140,1,8,Email,"Linguagem de marketing agressiva, alegações exageradas e URL suspeita.","O email usa linguagem de marketing agressiva, faz alegações exageradas sobre o produto e contém uma URL suspeita para cancelar a inscrição."
141,1,9,SMS,A mensagem usa iscas como 'minutos em dobro' e 'grátis' para pressionar o usuário a ligar para um número suspeito.,"A mensagem apresenta ofertas muito vantajosas, senso de urgência, gramática pobre e um número suspeito para contato."
142,0,2,Email,"Email de marketing com opção de remoção, pode ser irritante, mas não necessariamente phishing.","O email fornece opções claras para cancelar a inscrição e não solicita informações confidenciais. No entanto, sempre tome cuidado com links em emails."
143,1,9,SMS,"A mensagem contém linguagem suspeita e táticas de pressão, além de informações de contato duvidosas.","Oferta de medicamento com desconto suspeito, linguagem sem sentido, múltiplos números de contato e email não profissional sugerem tentativa de phishing."
144,1,9,Email,"A mensagem usa linguagem de marketing agressiva, promessas irrealistas de retornos altos com garantia de lucro, e direciona para um site suspeito para obter uma lista de ações.",A promessa de lucro de +980% é irreal e serve como isca. O uso repetido de sinais de exclamação aumenta a urgência e diminui o ceticismo. O link fornecido não é um domínio confiável para investimentos.
145,1,9,SMS,A mensagem usa táticas de pressão e um prêmio falso para induzir uma chamada para um número suspeito.,"A mensagem apresenta uma oferta muito genérica e não solicitada, típica de golpes de SMS. O número com prefixo '0906' e o custo por minuto excessivo reforçam a suspeita."
146,0,2,Email,Email de marketing com baixa pontuação de phishing.,"Este email parece ser um email de marketing de BidsToGo.biz. Ele contém links e pede para visitar o site deles, mas não solicita informações confidenciais. No entanto, tenha cuidado e verifique a legitimidade do site antes de clicar em qualquer link ou fornecer qualquer informação."
147,1,10,Email,Este email contém várias características de uma fraude de loteria.,"A mensagem usa táticas intimidatórias, gramática ruim e endereços de email não oficiais para parecer legítima."
148,1,9,Email,A mensagem do email usa táticas de intimidação e senso de urgência para pressionar o usuário a clicar no link.,"A mensagem usa linguagem que induz a ansiedade, questionando o ranking do site do usuário e oferecendo uma solução secreta para melhorar o posicionamento."
149,1,9,URL,A mensagem usa táticas de intimidação e de venda de produto para fazer o usuário clicar no link.,"A mensagem aborda um problema médico sensível com linguagem apelativa, prometendo uma solução rápida com 'Extra-time'. Os links suspeitos podem levar a sites perigosos."
150,1,8,Email,"A mensagem contém múltiplos indicadores de phishing, incluindo senso de urgência, formatação suspeita e links disfarçados.","A mensagem apresenta urgência com prazo final, formatação inconsistente e links sem informações de destino, sugerindo tentativa de phishing."
151,1,9,Email,Texto sem sentido com nome de marca e oferta suspeita.,"A mensagem contém frases aleatórias e sem sentido, ofertas de desconto exageradas e erros de ortografia, características de phishing."
152,1,8,Email,Email com caracteristicas de promoção enganosa e tecnica de urgência para capturar informação.,"O email usa linguagem de marketing agressiva, promessas exageradas e senso de urgência para levar o leitor a clicar no link."
153,1,8,SMS,A mensagem usa a promessa de um 'brinde' para induzir uma chamada para um número suspeito.,A mensagem apresenta uma oferta vaga de 'brinde' e usa um senso de urgência para pressionar o destinatário a ligar para um número que pode ser premium.
154,1,9,SMS,A mensagem usa uma técnica de recompensa falsa para criar um senso de urgência e induzir uma chamada para um número suspeito.,"A mensagem SMS usa uma linguagem típica de phishing, como 'WINNER!', 'recompensa', e 'tempo limitado' para criar urgência e um senso de legitimidade."
155,1,9,SMS,Mensagem de texto suspeita com promessa de premiação e senso de urgência.,"A mensagem usa linguagem típica de phishing com premiação exagerada, senso de urgência e número de telefone suspeito."
156,1,9,Email,Email de loteria falsa com táticas de engenharia social.,"O email usa uma falsa vitoria em loteria para induzir o contato. Apresenta gramática ruim, informações de contato falsas e um senso de urgência."
157,1,8,Email,Email com caracteristicas de promoção de ações tipo pump and dump.,"A mensagem promove fortemente a ação PGPU, com previsões de preço otimistas e urgência na decisão, indicando um possível esquema pump and dump."
158,1,8,Email,Email de promoção suspeito com tática de venda de edição limitada e oferta gratuita.,"O email usa linguagem de venda de edição limitada, oferta gratuita para pressionar o usuário a visitar o site suspeito."
159,1,9,SMS,"A mensagem usa táticas de urgência,  induzindo o usuário a ligar para um número suspeito.","A mensagem apresenta diversas características de phishing como senso de urgência,  prêmio falso e número de telefone suspeito."
160,1,8,Email,Email suspeito oferecendo serviços de impressão com domínio de email e pagamento incomuns.,"O email usa linguagem de marketing, mas o domínio de email gratuito e os métodos de pagamento levantam bandeiras vermelhas. A falta de detalhes de contato e erros de digitação aumentam a suspeita."
161,1,9,Email,"O email contém linguagem sem sentido e aleatória, além de alegações de grande economia e alcance mundial, o que é característico de phishing.","O email usa linguagem sem sentido, faz alegações exageradas (50% de desconto, mais de 5 milhões de clientes) e contém erros gramaticais, indicando alta probabilidade de phishing."
162,1,8,SMS,"A mensagem SMS usa táticas de engenharia social para criar um senso de urgência, e fornece um link suspeito que pode levar a um site fraudulento.","A mensagem não se dirige ao usuário pelo nome, cria um senso de urgência e fornece um link encurtado que pode ser usado para esconder um site fraudulento."
163,0,0,Outros,Texto sem sentido.,O texto fornecido parece ser um trecho aleatório de frases sem significado coerente ou intenção maliciosa.
164,1,8,SMS,A mensagem usa a promessa de recompensas para levar os usuários a enviar mensagens de texto para um número curto.,"A mensagem oferece recompensas vagas ('um celular novo', 'outras coisas boas') e usa linguagem que cria um senso de urgência, táticas comuns em phishing por SMS."
165,1,9,Email,Email de ações com bomba e despejo com táticas de engenharia social.,"O email usa linguagem incentivadora, alegações de crescimento irrealistas, e táticas de urgência para promover ações da MNEI."
166,1,8,SMS,A mensagem SMS usa um link encurtado suspeito para uma oferta.,A mensagem pede para o usuário clicar em um link encurtado que pode levar a um site de phishing. A mensagem também cria uma sensação de urgência.
167,1,9,Email,"Linguagem promocional, menção de ações com centavos, aviso de isenção de responsabilidade.","O email usa linguagem promocional exagerada, foca em ações com centavos, e inclui um aviso de isenção de responsabilidade suspeito. Isso sugere uma tentativa de manipular o leitor para que faça um investimento arriscado."
168,1,9,SMS,"Linguagem sugestiva, conteúdo adulto e endereço suspeito indicam alta probabilidade de phishing.",A mensagem usa linguagem sugestiva inapropriada para comunicação legítima e fornece um endereço suspeito.
169,1,9,Email,Email usa táticas de medo para coagir o usuário a clicar num link suspeito.,"O email usa linguagem alarmista, com tom de urgência e ameaças exageradas para pressionar o usuário a baixar um software. O link para download também é suspeito."
170,1,9,Email,Email com caracteristicas de promoção de ações com pump and dump.,"A mensagem promove ações da empresa 'Emerson Oil and Gas' com linguagem exagerada, promessas de alta rentabilidade e senso de urgência, táticas comuns em golpes de pump and dump."
171,1,8,SMS,Linguagem sensacionalista e URL suspeita,A mensagem usa linguagem sensacionalista e fornece uma URL suspeita que não parece estar relacionada a uma farmácia.
172,1,9,Email,"A mensagem apresenta várias características de phishing, incluindo gramática ruim, senso de urgência, oferta financeira tentadora e um URL suspeito.","A mensagem usa uma oferta de empréstimo muito generosa para atrair a vítima a clicar no link, que pode levar a um site fraudulento."
173,0,0,Outro,O texto fornecido não contém indicadores de phishing.,O texto parece ser uma coleção de palavras aleatórias sem significado coerente ou intenção maliciosa.
174,1,9,Email,"A mensagem apresenta várias características de phishing, incluindo falsas promessas de prestígio, senso de urgência e um link suspeito.","O email usa táticas de engenharia social como falsa exclusividade, promessa de reconhecimento e um presente gratuito para induzir o clique num link suspeito."
175,1,9,Email,"Linguagem promocional e alegações exageradas, senso de urgência para clicar em um link suspeito.",O email usa táticas comuns de phishing como alegações exageradas e senso de urgência para levar o usuário a clicar no link.
176,1,8,SMS,A mensagem usa um senso de urgência para pressionar o usuário a visitar o site ou ligar para o número.,A mensagem SMS usa um código de desconto falso e um senso de urgência para induzir interações que podem ser prejudiciais.
177,1,9,SMS,"A mensagem usa linguagem informal, promoções suspeitas e um numero de telefone premium para enganar usuários.","A mensagem apresenta muitas caracteristicas de phishing como linguagem informal '4 Ur', ofertas vagas, números curtos, URL suspeita e um endereço incompleto. "
178,1,8,Email,Email suspeito de marketing com táticas de pressão e link suspeito.,"O email usa táticas de pressão, linguagem de marketing agressiva e um link suspeito para levar os usuários a visitar seu site."
179,1,9,Email,Email oferece lista de emails com táticas de venda agressivas e informações de contato suspeitas.,"O email usa táticas de venda agressivas, oferece lista de emails com preços suspeitos e  informações de contato não confiáveis."
180,1,9,Email,Conteúdo suspeito e táticas de camuflagem.,"A mensagem contém caracteres especiais aleatórios e uma falsa declaração de segurança para parecer legítima, mas visa camuflar seu objetivo malicioso."
181,0,0,Não aplicável,O texto fornecido não contém indicadores de phishing e parece ser uma coleção aleatória de frases.,O texto parece ser uma colagem aleatória de frases sem nenhuma estrutura coerente ou intento malicioso discernível.
182,1,8,Email,"O email usa táticas de engenharia social, como um tom urgente e oferece uma oportunidade de financiamento governamental que parece boa demais para ser verdade.","O email sobre financiamento governamental usa um endereço de email não oficial, linguagem não profissional, um tom urgente e um método de cancelamento de inscrição suspeito."
183,1,9,Email,"Táticas de pressão, gramática e formatação ruins e solicitação de informações pessoais.","A mensagem exibe táticas de pressão, gramática e formatação ruins e solicita informações pessoais, o que são sinais reveladores de phishing."
184,0,0,URL,"O URL fornecido parece legítimo, sem indicadores óbvios de phishing.","A URL apresenta uma estrutura de domínio e caminho clara, sem caracteres ou elementos suspeitos."
185,1,8,URL,A URL fornecida parece suspeita e pode ser usada para phishing.,A URL não pertence a nenhuma organização conhecida e pode hospedar páginas de phishing para roubar credenciais.
186,0,0,URL,URL legítima.,A URL fornecida pertence ao site legítimo da Enciclopédia Britânica.
187,1,8,URL,A URL parece suspeita e pode ser uma tentativa de phishing disfarçada de um site popular.,A URL usa o nome 'sumotorrent' de forma suspeita e a estrutura da URL não parece confiável para um filme.
188,0,0,URL,URL legítima da Wikipedia.,"A URL fornecida leva a uma página da Wikipedia, um site legítimo e confiável."
189,1,8,URL,A URL parece suspeita e pode levar a um site de phishing.,"A URL usa um nome de domínio conhecido com uma combinação de números sem contexto, o que é uma tática comum usada em phishing."
190,0,0,URL,"A URL parece ser um link de pesquisa, não uma tentativa de phishing.",A URL fornecida é uma pesquisa por 'tommy joe ratliff' em um site chamado 'surchur.com'. Não há indicação de phishing.
191,0,0,URL,"O link fornecido é um link direto para um perfil no site imdb.com, sem nenhuma personalização ou informações adicionais que indiquem um ataque de phishing.",A URL é um link direto para um site conhecido (imdb.com) e não apresenta elementos suspeitos.
192,0,0,URL,"A URL fornecida pertence ao SodaHead.com, uma plataforma legítima de enquetes e fóruns online.",A URL em questão não apresenta elementos suspeitos e aponta para um site conhecido por hospedar conteúdo gerado por usuários.
193,0,0,URL,"A URL parece legítima, levando ao site oficial da Copa Vanier.","A URL pertence ao domínio 'cisport.ca', um site legítimo, e direciona para uma página de arquivos sobre a Copa Vanier."
194,1,8,URL,A URL parece suspeita e pode hospedar phishing ou malware.,O uso de subdomínios e uma estrutura de pasta suspeita sugerem um possível ataque de phishing.
195,0,0,URL,A URL fornecida não apresenta indícios imediatos de phishing.,"Sem mais contexto sobre o site 'gamecabinet.com' ou seu propósito, a URL parece benigna."
196,0,0,URL,A URL fornecida pertence ao domínio legítimo da Wikipédia.,"A URL leva para um artigo sobre o Bank of Africa hospedado na Wikipédia, um website confiável."
197,0,0,URL,"O link fornecido parece ser uma URL legítima para um site chamado askbiography.com, direcionando para uma página sobre 'Joie_Lee', mas uma análise mais profunda pode ser necessária para confirmar sua segurança.","A URL parece ser segura à primeira vista. Contudo, sem contexto adicional ou análise do site em si, não se pode garantir que seja um link legítimo."
198,0,0,URL,A URL parece ser legítima e pertence ao site hockeybuzz.com.,"A URL é um link direto para um blog post específico no site hockeybuzz.com, sem elementos suspeitos."
199,0,0,URL,O link fornecido é um link legítimo do YouTube.,"A URL é um link direto para um vídeo no YouTube, sem nenhum redirecionamento suspeito ou caracteres especiais."
200,0,0,URL,A URL parece legítima.,"A URL fornecida pertence ao domínio 'ietf.org', uma organização de padrões da Internet conhecida e confiável."
201,0,0,URL,"A URL fornecida é um link direto para uma página da Wikipédia, sem nenhum redirecionamento ou conteúdo suspeito.",Trata-se de um link legítimo para um artigo na Wikipédia sobre 'Ripcordz'.
202,0,0,URL,A URL parece ser um link legítimo para um obituário no site eagletribune.com.,"A URL é um link direto para uma página específica e não apresenta elementos suspeitos. No entanto, é recomendável verificar a legitimidade do site."
203,0,0,URL,"A URL fornecida parece ser um nome de domínio, mas sem contexto adicional não há como determinar se é ou não phishing.",Apenas uma URL foi fornecida sem mais contexto. Análise adicional é necessária para determinar a legitimidade.
204,1,8,URL,A URL parece suspeita e pode ser usada para phishing de credenciais.,"A URL usa um nome de domínio conhecido, mas o caminho e os parâmetros parecem genéricos, o que é suspeito."
205,0,0,URL,"A URL fornecida parece ser um link direto para um perfil de celebridade em tvguide.com, sem táticas suspeitas.","A URL pertence ao domínio 'tvguide.com', um site legítimo. Não apresenta elementos suspeitos ou tentativas de phishing."
206,0,0,URL,O link fornecido é um link legítimo para uma pergunta específica no site do Yahoo! Answers.,A URL fornecida leva a um domínio confiável (yahoo.com) e não apresenta nenhuma característica suspeita.
207,0,0,URL,"A URL fornecida é um link legítimo para um perfil no LinkedIn, sem táticas de phishing.","A URL leva ao domínio principal do LinkedIn (linkedin.com), indicando um perfil público. Sem indicadores de phishing."
208,1,8,URL,A URL parece suspeita e pode ser um ataque de phishing.,"A URL usa um nome de domínio não relacionado com a atividade sugerida, levantando suspeitas sobre suas intenções."
209,1,8,URL,"A URL parece suspeita e pode ser um caso de typosquatting, visando usuários desatentos.","A URL usa o nome de um domínio real 'shaparak.ir' mas pode ser uma tentativa de phishing por typosquatting, se passando por um site legítimo."
210,1,8,URL,A URL parece suspeita e pode ser usada para phishing.,A URL usa um nome de domínio conhecido 'auction.fr' mas o resto do caminho parece suspeito para uma venda de leilão.
211,0,0,URL,"A URL fornecida parece ser um endereço de site legítimo, sem táticas típicas de phishing.",A URL parece ser um endereço de site legítimo para informações sobre  'Chelsea Peretti' no site 'bentzenball.com'. Não apresenta elementos suspeitos.
212,1,8,URL,O formato da URL e nome de domínio suspeito sugerem um possível site de phishing.,"A estrutura da URL, especialmente a inclusão de 'places' e um número aleatório, levanta suspeitas. Sites com esse tipo de padrão podem ser usados para phishing ou outros fins maliciosos."
213,0,0,URL,O URL fornecido parece ser um artigo genuíno do Huffington Post.,A URL pertence a um domínio respeitável e não contém elementos suspeitos.
214,0,0,URL,"A URL parece legítima, sem tatíticas de phishing.",A URL apresenta um domínio legítimo e parece estar relacionada a informações sobre DNS.
215,0,0,Website (HTML),O código HTML fornecido é de um site benigno.,"O código HTML é de um site que oferece dicionário e tradução, sem indicadores de phishing."
216,0,0,WebSite (HTML),O código HTML fornecido representa um site educacional sobre biologia.,"O código fonte mostra um site educacional sobre biologia, sem indícios de atividades suspeitas."
217,0,0,WebSite (HTML),Página legítima da Central de Ajuda do Prodigy Game.,O HTML fornecido é uma página da Central de Ajuda do Prodigy Game que explica como redefinir uma senha esquecida. Não apresenta indícios de phishing.
218,0,0,WebSite (HTML),O texto fornecido é código HTML de um site com aparência legítima.,O código HTML é de um site que compara diferentes tópicos e não apresenta indícios de phishing.
219,0,0,WebSite (HTML),Página de login da Tesco Mobile,O HTML fornecido é a página de login da Tesco Mobile. Não há nada suspeito
220,0,0,WebSite (HTML),O código fornecido é o código fonte de um site legítimo e não contém nenhum conteúdo suspeito.,O código fornecido parece ser o código fonte de uma página da web legítima. Não foram encontrados indicadores de phishing.
221,0,0,WebSite (HTML),Página de verificação do Cloudflare,"A página contém elementos da Cloudflare, um serviço legítimo de segurança e performance web"
222,0,0,WebSite (HTML),"O código HTML fornecido parece ser um formulário da web legítimo para se candidatar a um cargo de oficial de escola secundária, sem táticas enganosas.",O código HTML representa um formulário da web para se tornar um oficial de escola secundária. Não foram encontradas táticas suspeitas. 
223,0,0,WebSite (HTML),"O código fonte fornecido pertence ao site legítimo do LOVOO, um aplicativo de namoro.","O código fonte pertence ao site do LOVOO, contendo metadados, scripts e links relacionados ao aplicativo."
224,0,0,WebSite (HTML),O código fonte fornecido é parte de um website e não contém nenhuma ameaça.,O código é um trecho HTML de um forum sobre história de supermercados. Não apresenta elementos suspeitos.
225,0,0,WebSite (HTML),O código HTML fornecido parece ser uma página da web legítima que define e explica o termo 'modem'.,"O HTML é um trecho de um site legítimo, um dicionário acadêmico. Não apresenta elementos suspeitos."
226,0,0,WebSite (HTML),Website legítimo com informações sobre a Ryanair.,"O HTML apresentado pertence ao site da SendMyBag, que fornece informações sobre franquias de bagagem da Ryanair."
227,0,0,WebSite (HTML),O texto fornecido é um código HTML de um site legítimo.,O código HTML é de um site do governo e não contém indicadores de phishing.
228,0,0,WebSite (HTML),O código fonte fornecido é HTML de um artigo sobre como remover senhas de login no Windows 10.,O código fonte fornecido é HTML de um artigo sobre como remover senhas de login no Windows 10. 
229,0,0,Website (HTML),O HTML fornecido é de um site de hospedagem de documentos.,O código é de um site que exibe um documento PDF e não apresenta indícios de phishing.
230,1,9,WebSite (HTML),Página web com formulário de login suspeito.,A página solicita credenciais de login sem contexto claro e possui um formulário que envia dados para um script PHP.
231,1,9,WebSite (HTML),O código HTML redireciona o usuário para um site suspeito usando uma query string codificada.,A tag meta refresh e o JavaScript disparam um redirecionamento para uma URL com múltiplos parâmetros suspeitos.
232,1,9,WebSite (HTML),Página de login falsa que imita o site do Halifax Bank.,A página solicita credenciais de login e contém código JavaScript que envia as informações para um arquivo PHP suspeito.
233,1,9,WebSite (HTML),A página HTML simula a página de login do Banco do Brasil para roubar credenciais.,"O HTML usa o nome do Banco do Brasil e tenta redirecionar (usando meta refresh) para 'WebappLogin.php', provavelmente uma página falsa."
234,1,8,WebSite (HTML),Página falsa de convite para grupo de WhatsApp com botão que leva para 'login.php',"A página simula um convite do WhatsApp, mas o botão 'Join Chat' leva para um arquivo 'login.php', o que é suspeito."
235,1,9,WebSite (HTML),Página HTML falsificada do Facebook com envio de dados para um domínio suspeito.,"A página simula o Facebook para roubar credenciais. Erros de design, domínio suspeito no formulário e links externos confirmam o ataque."
236,1,9,WebSite (HTML),Página web fraudulenta que se passa pela CaixaBank para roubar dados do cartão de crédito.,"A página simula um formulário da CaixaBank para capturar número do cartão, data de validade e CVV."
237,0,0,WebSite (HTML),Página estacionada pelo GoDaddy,"O código HTML mostra uma página padrão do GoDaddy para um domínio estacionado, sem táticas de phishing."
238,1,9,WebSite (HTML),Página de login falsa que imita um site legitimo para roubar credenciais.,A página solicita credenciais com logo de email genérico e usa linguagem vaga sobre atualização.
239,1,10,WebSite (HTML),A página web contém código JavaScript ofuscado que provavelmente está a carregar conteúdo malicioso.,"O código HTML usa variáveis com nomes suspeitos e strings codificadas em Base64, o que indica atividade de ofuscação frequentemente utilizada em ataques de phishing."
240,1,9,WebSite (HTML),Página de login DHL falsa com links suspeitos.,"A página simula um login DHL, usa um domínio não oficial e coleta informações sensíveis."
241,1,9,WebSite (HTML),Página web com código suspeito e link de formulário redirecionando para domínio diferente.,"A página simula um login da Telekom, mas o código possui funções suspeitas para capturar localização e o formulário envia dados para 'fbqd.com'."
242,0,0,WebSite (HTML),"Página de erro 403 Forbidden, frequentemente indicando um problema no servidor web.","O código HTML apresenta uma página de erro 403 Forbidden, o que não é um indicativo de phishing."
243,1,9,WebSite (HTML),Este HTML é um site de phishing que tenta se passar pelo OVH.,"O HTML imita um site OVH para roubar dados de cartão de crédito, com formulário de pagamento inseguro e links suspeitos."
244,1,9,WebSite (HTML),Página de login falsa do Facebook com envio de credenciais para um script PHP.,"A página simula a aparência do Facebook, mas o formulário envia dados para 'check.php', um indicador clássico de phishing. "
245,1,10,WebSite (HTML),Página web falsa de login do eBay projetada para roubar credenciais.,"A página imita o eBay, mas contém um formulário de login que envia dados para 'https://thietbihantbt.com/loign.php', um domínio não relacionado ao eBay."
246,1,8,WebSite (HTML),Página suspeita imitando o Cloudflare.,"A página usa um cronômetro, linguagem urgente e tenta imitar uma página legítima do Cloudflare para parecer confiável."
247,1,9,WebSite (HTML),"Página de login suspeita que imita o ISPsystem, tentando roubar credenciais.","A página simula uma página de login do ISPsystem, mas usa um domínio suspeito (mail.www-avilto.ru) para phishing de credenciais."
248,1,10,WebSite (HTML),O código HTML contem um script que redireciona para um dominio suspeito e usa codificação para esconder a intenção.,"O Javascript usa a função 'unescape' para decodificar uma string, que é uma técnica comum para esconder código malicioso e redirecionamentos."
249,1,9,WebSite (HTML),Página de login falsa que se passa pela Orange.,A página solicita credenciais sem contexto e usa o nome da Orange para parecer legítima. Links e formulários são suspeitos.
